url,location,date,collected_at,processed,timestamp,last_update
"/vaga-de-atendente,-lider-encarregado-as-lojas-em-__10180491.aspx",Todo Brasil,2024-12-12 08:06:00,2024-12-12 22:33:05,False,2024-12-12 22:33:13.604992,
/vaga-de-analista-integracao-pleno-suporte-integrador-pleno-em-__10180470.aspx,Todo Brasil,2024-12-12 07:31:00,2024-12-12 22:33:05,False,2024-12-12 22:33:13.604992,
/vaga-de-consultor-vendas-nao-precisa-experiencia-em-rio-janeiro__10023678.aspx,"Rio de Janeiro - RJ, 0 Km de você.",2024-12-12 07:05:00,2024-12-12 22:33:05,False,2024-12-12 22:33:13.604992,
/vaga-de-consultor-vendas-nao-precisa-experiencia-em-rio-janeiro__10023687.aspx,"Rio de Janeiro - RJ, 0 Km de você.",2024-12-12 07:05:00,2024-12-12 22:33:05,False,2024-12-12 22:33:13.604992,
/vaga-de-vendedor-nao-precisa-experiencia-em-rio-janeiro__10023697.aspx,"Rio de Janeiro - RJ, 0 Km de você.",2024-12-12 07:05:00,2024-12-12 22:33:05,False,2024-12-12 22:33:13.604992,
/vaga-de-vendedor-nao-precisa-experiencia-em-rio-janeiro__10107571.aspx,"Rio de Janeiro - RJ, 0 Km de você.",2024-12-12 07:05:00,2024-12-12 22:33:06,False,2024-12-12 22:33:13.604992,
/vaga-de-operador-telemarketing-nao-precisa-experiencia-em-rio-janeiro__10107598.aspx,"Rio de Janeiro - RJ, 0 Km de você.",2024-12-12 07:05:00,2024-12-12 22:33:06,False,2024-12-12 22:33:13.604992,
/vaga-de-consultor-vendas-em-rio-janeiro__10023658.aspx,"Rio de Janeiro - RJ, 0 Km de você.",2024-12-12 07:05:00,2024-12-12 22:33:06,False,2024-12-12 22:33:13.604992,
/vaga-de-vendedora-moda-feminina-jpa-em-rio-janeiro__10180410.aspx,"Rio de Janeiro - RJ, 0 Km de você.",2024-12-12 06:28:00,2024-12-12 22:33:06,False,2024-12-12 22:33:13.604992,
/vaga-de-assistente-administrativo-em-rio-janeiro__10160508.aspx,"Rio de Janeiro - RJ, 0 Km de você.",2024-12-12 06:15:00,2024-12-12 22:33:06,False,2024-12-12 22:33:13.604992,
/vaga-de-estagio-edicao-em-rio-janeiro__10180371.aspx,"Rio de Janeiro - RJ, 0 Km de você.",2024-12-12 06:13:00,2024-12-12 22:33:06,False,2024-12-12 22:33:13.604992,
/vaga-de-doceirao-hospitalar-em-rio-janeiro__10180357.aspx,"Rio de Janeiro - RJ, 0 Km de você.",2024-12-12 06:05:00,2024-12-12 22:33:06,False,2024-12-12 22:33:13.604992,
/vaga-de-serralheiro-em-rio-janeiro__10180351.aspx,"Rio de Janeiro - RJ, 0 Km de você.",2024-12-12 06:04:00,2024-12-12 22:33:06,False,2024-12-12 22:33:13.604992,
/vaga-de-auxiliar-servicos-gerais-em-__10180349.aspx,Todo Brasil,2024-12-12 06:03:00,2024-12-12 22:33:06,False,2024-12-12 22:33:13.604992,
/vaga-de-assistente-operacional-em-rio-janeiro__10180329.aspx,"Rio de Janeiro - RJ, 0 Km de você.",2024-12-12 05:58:00,2024-12-12 22:33:06,False,2024-12-12 22:33:13.604992,
/vaga-de-banco-talentos-energia-em-__9943120.aspx,Todo Brasil,2024-12-12 05:53:00,2024-12-12 22:33:06,False,2024-12-12 22:33:13.604992,
/vaga-de-tecnico-enfermagem-pronto-socorro-adulto-em-rio-janeiro__10180297.aspx,"Rio de Janeiro - RJ, 0 Km de você.",2024-12-12 05:47:00,2024-12-12 22:33:06,False,2024-12-12 22:33:13.604992,
/vaga-de-motorista-hab-d-em-rio-janeiro__10180288.aspx,"Rio de Janeiro - RJ, 0 Km de você.",2024-12-12 05:45:00,2024-12-12 22:33:06,False,2024-12-12 22:33:13.604992,
/vaga-de-auxiliar-estoque-em-rio-janeiro__10180286.aspx,"Rio de Janeiro - RJ, 0 Km de você.",2024-12-12 05:45:00,2024-12-12 22:33:06,False,2024-12-12 22:33:13.604992,
/vaga-de-repositor-mercadorias-em-__10180235.aspx,Todo Brasil,2024-12-12 05:33:00,2024-12-12 22:33:06,False,2024-12-12 22:33:13.604992,
/vaga-de-recepcionista-em-rio-janeiro__10180225.aspx,"Rio de Janeiro - RJ, 0 Km de você.",2024-12-12 05:32:00,2024-12-12 22:38:51,False,,2024-12-12 22:39:08.411567
/vaga-de-vendedor-loja-em-rio-janeiro__10180201.aspx,"Rio de Janeiro - RJ, 0 Km de você.",2024-12-12 05:24:00,2024-12-12 22:38:52,False,,2024-12-12 22:39:08.411567
/vaga-de-chapeiro-noturno-em-rio-janeiro__10180196.aspx,"Rio de Janeiro - RJ, 0 Km de você.",2024-12-12 05:23:00,2024-12-12 22:38:52,False,,2024-12-12 22:39:08.411567
/vaga-de-supervisor-financeiro-junior-em-rio-janeiro__10180180.aspx,"Rio de Janeiro - RJ, 0 Km de você.",2024-12-12 05:21:00,2024-12-12 22:38:52,False,,2024-12-12 22:39:08.411567
/vaga-de-auxiliar-manutencao-hidraulica-em-rio-janeiro__10180168.aspx,"Rio de Janeiro - RJ, 0 Km de você.",2024-12-12 05:18:00,2024-12-12 22:38:52,False,,2024-12-12 22:39:08.411567
/vaga-de-auxiliar-tecnico-mecanica-em-rio-janeiro__10180161.aspx,"Rio de Janeiro - RJ, 0 Km de você.",2024-12-12 05:17:00,2024-12-12 22:38:52,False,,2024-12-12 22:39:08.411567
/vaga-de-bordadeira-maquina-ipanema-em-rio-janeiro__9961668.aspx,"Rio de Janeiro - RJ, 0 Km de você.",2024-12-12 05:05:00,2024-12-12 22:38:52,False,,2024-12-12 22:39:08.411567
"/vaga-de-estagio-letras,-biologia-fisica-em-rio-janeiro__10180068.aspx","Rio de Janeiro - RJ, 0 Km de você.",2024-12-12 05:02:00,2024-12-12 22:38:52,False,,2024-12-12 22:39:08.411567
/vaga-de-producao-interna-eventos-em-rio-janeiro__10180073.aspx,"Rio de Janeiro - RJ, 0 Km de você.",2024-12-12 05:02:00,2024-12-12 22:38:52,False,,2024-12-12 22:39:08.411567
/vaga-de-assistente-planejamento-trafego-call-center-em-rio-janeiro__9840338.aspx,"Rio de Janeiro - RJ, 0 Km de você.",2024-12-12 04:57:00,2024-12-12 22:38:52,False,,2024-12-12 22:39:08.411567
/vaga-de-ajudante-cozinha-em-rio-janeiro__10180024.aspx,"Rio de Janeiro - RJ, 0 Km de você.",2024-12-12 04:55:01,2024-12-12 22:38:52,False,,2024-12-12 22:39:08.411567
/vaga-de-instrutora-ensino-em-rio-janeiro__8646434.aspx,"Rio de Janeiro - RJ, 0 Km de você.",2024-12-12 04:54:00,2024-12-12 22:38:52,False,,2024-12-12 22:39:08.411567
/vaga-de-educador-ae-ambiental-exclusivo-pessoa-deficiencia-em-rio-janeiro__10160659.aspx,"Rio de Janeiro - RJ, 0 Km de você.",2024-12-12 04:52:00,2024-12-12 22:38:52,False,,2024-12-12 22:39:08.411567
/vaga-de-fiscal-prevencao-perdas-carrefour-asa-nortei4cs-em-__10179977.aspx,Todo Brasil,2024-12-12 04:44:00,2024-12-12 22:38:52,False,,2024-12-12 22:39:08.411567
/vaga-de-vendedor-externo-em-rio-janeiro__10179957.aspx,"Rio de Janeiro - RJ, 0 Km de você.",2024-12-12 04:41:00,2024-12-12 22:38:52,False,,2024-12-12 22:39:08.411567
/vaga-de-mecanico-refrigeracao-noturnodiurno-rio-janeiro-em-rio-janeiro__10179950.aspx,"Rio de Janeiro - RJ, 0 Km de você.",2024-12-12 04:40:00,2024-12-12 22:38:52,False,,2024-12-12 22:39:08.411567
/vaga-de-cozinheiro-restaurante-tijuca-em-rio-janeiro__10179922.aspx,"Rio de Janeiro - RJ, 0 Km de você.",2024-12-12 04:33:00,2024-12-12 22:38:53,False,,2024-12-12 22:39:08.411567
/vaga-de-promotor-merchandising-rio-janeirorj-em-rio-janeiro__10179902.aspx,"Rio de Janeiro - RJ, 0 Km de você.",2024-12-12 04:29:00,2024-12-12 22:38:53,False,,2024-12-12 22:39:08.411567
/vaga-de-operador-cartao-atacadao-santa-cruz-em-rio-janeiro__10179860.aspx,"Rio de Janeiro - RJ, 0 Km de você.",2024-12-12 04:20:00,2024-12-12 22:38:53,False,,2024-12-12 22:39:08.411567
/vaga-de-gerente-loja-artigos-eletronicos-em-rio-janeiro__9825565.aspx,"Rio de Janeiro - RJ, 0 Km de você.",2024-12-12 04:11:00,2024-12-12 22:38:53,False,,2024-12-12 22:39:08.411567
/vaga-de-motorista-entrega-cargo-park-rj-em-rio-janeiro__10179772.aspx,"Rio de Janeiro - RJ, 0 Km de você.",2024-12-12 03:56:00,2024-12-12 22:39:07,False,,2024-12-12 22:39:08.411567
/vaga-de-encarregado-mecanica-em-__10179760.aspx,Todo Brasil,2024-12-12 03:54:00,2024-12-12 22:39:07,False,,2024-12-12 22:39:08.411567
/vaga-de-encarregado-eletrica-em-__10179762.aspx,Todo Brasil,2024-12-12 03:54:00,2024-12-12 22:39:07,False,,2024-12-12 22:39:08.411567
/vaga-de-encanador-industrial-em-__10179763.aspx,Todo Brasil,2024-12-12 03:54:00,2024-12-12 22:39:07,False,,2024-12-12 22:39:08.411567
/vaga-de-mecanico-montador-em-__10179764.aspx,Todo Brasil,2024-12-12 03:54:00,2024-12-12 22:39:07,False,,2024-12-12 22:39:08.411567
/vaga-de-encanador-predial-em-__10179766.aspx,Todo Brasil,2024-12-12 03:54:00,2024-12-12 22:39:07,False,,2024-12-12 22:39:08.411567
/vaga-de-eletricista-instalacoes-em-__10179767.aspx,Todo Brasil,2024-12-12 03:54:00,2024-12-12 22:39:08,False,,2024-12-12 22:39:08.411567
/vaga-de-montador-infraestrutura-eletrica-em-__10179769.aspx,Todo Brasil,2024-12-12 03:54:00,2024-12-12 22:39:08,False,,2024-12-12 22:39:08.411567
/vaga-de-ajudante-em-__10179770.aspx,Todo Brasil,2024-12-12 03:54:00,2024-12-12 22:39:08,False,,2024-12-12 22:39:08.411567
/vaga-de-terapeuta-ocupacional-pediatrica-em-__10179765.aspx,Todo Brasil,2024-12-12 03:54:00,2024-12-12 22:39:08,False,,2024-12-12 22:39:08.411567
/vaga-de-almoxarife-obras-em-__10179758.aspx,Todo Brasil,2024-12-12 03:54:00,2024-12-12 22:40:43,False,,2024-12-12 22:41:18.147870
/vaga-de-enfermeiro-uti-adulto-meier-rj-em-rio-janeiro__10179752.aspx,"Rio de Janeiro - RJ, 0 Km de você.",2024-12-12 03:52:00,2024-12-12 22:40:43,False,,2024-12-12 22:41:18.147870
/vaga-de-auxiliar-limpeza-em-rio-janeiro__10179689.aspx,"Rio de Janeiro - RJ, 0 Km de você.",2024-12-12 03:43:02,2024-12-12 22:40:43,False,,2024-12-12 22:41:18.147870
/vaga-de-auxiliar-cozinha-habibs-pilares-em-rio-janeiro__10179699.aspx,"Rio de Janeiro - RJ, 0 Km de você.",2024-12-12 03:42:00,2024-12-12 22:40:43,False,,2024-12-12 22:41:18.147870
/vaga-de-balconista-padaria-em-rio-janeiro__10179544.aspx,"Rio de Janeiro - RJ, 0 Km de você.",2024-12-12 03:40:25,2024-12-12 22:40:43,False,,2024-12-12 22:41:18.147870
/vaga-de-pintor-em-rio-janeiro__10179665.aspx,"Rio de Janeiro - RJ, 0 Km de você.",2024-12-12 03:36:00,2024-12-12 22:40:44,False,,2024-12-12 22:41:18.147870
"/vaga-de-consultora-vendas-disse,-berenice-norte-shopping-rj-em-rio-janeiro__10179640.aspx","Rio de Janeiro - RJ, 0 Km de você.",2024-12-12 03:34:00,2024-12-12 22:40:44,False,,2024-12-12 22:41:18.147870
/vaga-de-serralheiro-em-rio-janeiro__10179635.aspx,"Rio de Janeiro - RJ, 0 Km de você.",2024-12-12 03:33:00,2024-12-12 22:40:44,False,,2024-12-12 22:41:18.147870
/vaga-de-camareiro-em-__9941994.aspx,Todo Brasil,2024-12-12 03:29:00,2024-12-12 22:40:44,False,,2024-12-12 22:41:18.147870
/vaga-de-operador-estacionamento-midtown-em-rio-janeiro__9723831.aspx,"Rio de Janeiro - RJ, 0 Km de você.",2024-12-12 03:24:00,2024-12-12 22:40:44,False,,2024-12-12 22:41:18.147870
/vaga-de-operador-empilhadeira-atacadao-em-rio-janeiro__10179502.aspx,"Rio de Janeiro - RJ, 0 Km de você.",2024-12-12 03:15:00,2024-12-12 22:40:59,False,,2024-12-12 22:41:18.147870
/vaga-de-promotor-vendasrepositor-em-__10179425.aspx,Todo Brasil,2024-12-12 03:01:00,2024-12-12 22:40:59,False,,2024-12-12 22:41:18.147870
/vaga-de-corporativo-nutricionista-qualidade-restaurantesfast-food-em-rio-janeiro__10179381.aspx,"Rio de Janeiro - RJ, 0 Km de você.",2024-12-12 02:56:00,2024-12-12 22:40:59,False,,2024-12-12 22:41:18.147870
/vaga-de-assistente-comercial-vendas-internas-operador-telemarketing-em-rio-janeiro__9944558.aspx,"Rio de Janeiro - RJ, 0 Km de você.",2024-12-12 02:49:00,2024-12-12 22:40:59,False,,2024-12-12 22:41:18.147870
/vaga-de-eletricista-obra-em-rio-janeiro__10179348.aspx,"Rio de Janeiro - RJ, 0 Km de você.",2024-12-12 02:48:00,2024-12-12 22:40:59,False,,2024-12-12 22:41:18.147870
/vaga-de-auxiliar-cozinha-hospitalar-higienizacao-em-rio-janeiro__10179320.aspx,"Rio de Janeiro - RJ, 0 Km de você.",2024-12-12 02:41:00,2024-12-12 22:40:59,False,,2024-12-12 22:41:18.147870
/vaga-de-assistente-marketing-em-rio-janeiro__10179302.aspx,"Rio de Janeiro - RJ, 0 Km de você.",2024-12-12 02:37:00,2024-12-12 22:40:59,False,,2024-12-12 22:41:18.147870
/vaga-de-agente-telemarketing-ativo-em-__10179271.aspx,Todo Brasil,2024-12-12 02:32:00,2024-12-12 22:40:59,False,,2024-12-12 22:41:18.147870
/vaga-de-analista-processos-em-rio-janeiro__10179256.aspx,"Rio de Janeiro - RJ, 0 Km de você.",2024-12-12 02:29:00,2024-12-12 22:40:59,False,,2024-12-12 22:41:18.147870
/vaga-de-trainee-engenharia-em-__10179219.aspx,Todo Brasil,2024-12-12 02:22:00,2024-12-12 22:41:00,False,,2024-12-12 22:41:18.147870
/vaga-de-auxiliar-servicos-gerais-em-rio-janeiro__10179141.aspx,"Rio de Janeiro - RJ, 0 Km de você.",2024-12-12 02:03:00,2024-12-12 22:41:00,False,,2024-12-12 22:41:18.147870
/vaga-de-chefe-cozinha-pilares-em-rio-janeiro__10179123.aspx,"Rio de Janeiro - RJ, 0 Km de você.",2024-12-12 01:58:00,2024-12-12 22:41:00,False,,2024-12-12 22:41:18.147870
/vaga-de-consultora-financeiroa-em-__10179120.aspx,Todo Brasil,2024-12-12 01:57:00,2024-12-12 22:41:00,False,,2024-12-12 22:41:18.147870
/vaga-de-auxiliar-escritorio-em-rio-janeiro__10176685.aspx,"Rio de Janeiro - RJ, 0 Km de você.",2024-12-12 01:54:50,2024-12-12 22:41:00,False,,2024-12-12 22:41:18.147870
/vaga-de-recepcionista-em-rio-janeiro__10176674.aspx,"Rio de Janeiro - RJ, 0 Km de você.",2024-12-12 01:54:50,2024-12-12 22:41:00,False,,2024-12-12 22:41:18.147870
/vaga-de-auxiliar-servicos-gerais-em-rio-janeiro__10176655.aspx,"Rio de Janeiro - RJ, 0 Km de você.",2024-12-12 01:54:50,2024-12-12 22:41:00,False,,2024-12-12 22:41:18.147870
/vaga-de-tsb-tecnica-saude-bucal-em-rio-janeiro__10179076.aspx,"Rio de Janeiro - RJ, 0 Km de você.",2024-12-12 01:46:00,2024-12-12 22:41:00,False,,2024-12-12 22:41:18.147870
/vaga-de-consultora-financeiroa-em-__10093833.aspx,Todo Brasil,2024-12-12 01:45:00,2024-12-12 22:41:00,False,,2024-12-12 22:41:18.147870
/vaga-de-banco-talentos-pes-patas-em-__10178946.aspx,Todo Brasil,2024-12-12 01:08:00,2024-12-12 22:41:00,False,,2024-12-12 22:41:18.147870
/vaga-de-professor-quimica-em-rio-janeiro__10132632.aspx,"Rio de Janeiro - RJ, 0 Km de você.",2024-12-12 01:07:00,2024-12-12 22:41:00,False,,2024-12-12 22:41:18.147870
/vaga-de-assistente-comercial-vendas-em-rio-janeiro__10178863.aspx,"Rio de Janeiro - RJ, 0 Km de você.",2024-12-12 12:36:00,2024-12-12 22:41:16,False,,2024-12-12 22:41:18.147870
/vaga-de-promotor-bilingue-aeroporto-santos-dumont-em-rio-janeiro__10178861.aspx,"Rio de Janeiro - RJ, 0 Km de você.",2024-12-12 12:35:00,2024-12-12 22:41:16,False,,2024-12-12 22:41:18.147870
/vaga-de-consultor-comercial-cna-zona-norte-do-rio-em-rio-janeiro__10178852.aspx,"Rio de Janeiro - RJ, 0 Km de você.",2024-12-12 12:33:00,2024-12-12 22:41:16,False,,2024-12-12 22:41:18.147870
/vaga-de-auxiliar-contabilidade-em-rio-janeiro__10155229.aspx,"Rio de Janeiro - RJ, 0 Km de você.",2024-12-12 12:29:53,2024-12-12 22:41:16,False,,2024-12-12 22:41:18.147870
/vaga-de-auxiliar-restaurante-sao-paulo-sao-paulo-interior-em-__10178821.aspx,Todo Brasil,2024-12-12 12:24:00,2024-12-12 22:41:16,False,,2024-12-12 22:41:18.147870
/vaga-de-auxiliar-estoque-em-rio-janeiro__10178822.aspx,"Rio de Janeiro - RJ, 0 Km de você.",2024-12-12 12:24:00,2024-12-12 22:41:16,False,,2024-12-12 22:41:18.147870
/vaga-de-assistente-administrativo-em-rio-janeiro__10178640.aspx,"Rio de Janeiro - RJ, 0 Km de você.",2024-12-12 12:17:05,2024-12-12 22:41:17,False,,2024-12-12 22:41:18.147870
/vaga-de-consultor-vendas-sdrcloser-em-rio-janeiro__10178796.aspx,"Rio de Janeiro - RJ, 0 Km de você.",2024-12-12 12:17:00,2024-12-12 22:41:17,False,,2024-12-12 22:41:18.147870
/vaga-de-tecnico-seguranca-do-trabalho-em-rio-janeiro__10178784.aspx,"Rio de Janeiro - RJ, 0 Km de você.",2024-12-12 12:14:00,2024-12-12 22:41:17,False,,2024-12-12 22:41:18.147870
/vaga-de-tecnico-suporte-ti-atendimento-presencial-clientes-em-rio-janeiro__10178749.aspx,"Rio de Janeiro - RJ, 0 Km de você.",2024-12-12 12:05:00,2024-12-12 22:41:17,False,,2024-12-12 22:41:18.147870
/vaga-de-padeiro-em-rio-janeiro__10178714.aspx,"Rio de Janeiro - RJ, 0 Km de você.",2024-12-12 11:57:00,2024-12-12 22:41:17,False,,2024-12-12 22:41:18.147870
/vaga-de-atendente-estoquecaixa-em-rio-janeiro__10178684.aspx,"Rio de Janeiro - RJ, 0 Km de você.",2024-12-12 11:52:00,2024-12-12 22:41:17,False,,2024-12-12 22:41:18.147870
/vaga-de-manobrista-estacionamento-em-rio-janeiro__10177941.aspx,"Rio de Janeiro - RJ, 0 Km de você.",2024-12-12 11:49:03,2024-12-12 22:41:17,False,,2024-12-12 22:41:18.147870
/vaga-de-promotor-repositor-loja-brinquedos-shopping-leblon-em-rio-janeiro__10178666.aspx,"Rio de Janeiro - RJ, 0 Km de você.",2024-12-12 11:49:00,2024-12-12 22:41:17,False,,2024-12-12 22:41:18.147870
/vaga-de-assistente-financeiro-em-rio-janeiro__10178613.aspx,"Rio de Janeiro - RJ, 0 Km de você.",2024-12-12 11:42:00,2024-12-12 22:41:17,False,,2024-12-12 22:41:18.147870
/vaga-de-encarregado-asfalto-em-__10178565.aspx,Todo Brasil,2024-12-12 11:33:00,2024-12-12 22:41:17,False,,2024-12-12 22:41:18.147870
/vaga-de-analista-contabil-em-rio-janeiro__10178561.aspx,"Rio de Janeiro - RJ, 0 Km de você.",2024-12-12 11:31:00,2024-12-12 22:41:17,False,,2024-12-12 22:41:18.147870
/vaga-de-analista-financeiro-em-__10178549.aspx,Todo Brasil,2024-12-12 11:30:00,2024-12-12 22:41:17,False,,2024-12-12 22:41:18.147870
/vaga-de-gerente-loja-em-rio-janeiro__9858349.aspx,"Rio de Janeiro - RJ, 0 Km de você.",2024-12-12 11:26:00,2024-12-12 22:41:17,False,,2024-12-12 22:41:18.147870
/vaga-de-confeiteiro-em-rio-janeiro__10177450.aspx,"Rio de Janeiro - RJ, 0 Km de você.",2024-12-12 11:24:47,2024-12-12 22:41:17,False,,2024-12-12 22:41:18.147870
/vaga-de-sdrcloser-venda-ativa-em-rio-janeiro__10183555.aspx,"Rio de Janeiro - RJ, 0 Km de você.",2024-12-14 10:45:00,2024-12-14 09:50:34,False,,2024-12-14 09:51:40.287219
/vaga-de-vendedor-externo-automacao-comercial-em-rio-janeiro__10172512.aspx,"Rio de Janeiro - RJ, 0 Km de você.",2024-12-14 09:41:00,2024-12-14 09:50:34,False,,2024-12-14 09:51:40.287219
/vaga-de-mecanico-manutencao-mecanico-geral-em-rio-janeiro__10183515.aspx,"Rio de Janeiro - RJ, 0 Km de você.",2024-12-14 09:40:00,2024-12-14 09:50:34,False,,2024-12-14 09:51:40.287219
/vaga-de-mecanico-manutencao-torneiro-mecanico-em-rio-janeiro__10183514.aspx,"Rio de Janeiro - RJ, 0 Km de você.",2024-12-14 09:38:00,2024-12-14 09:50:34,False,,2024-12-14 09:51:40.287219
/vaga-de-encarregado-limpeza-em-rio-janeiro__9944171.aspx,"Rio de Janeiro - RJ, 0 Km de você.",2024-12-14 09:37:00,2024-12-14 09:50:34,False,,2024-12-14 09:51:40.287219
/vaga-de-office-boy-em-rio-janeiro__10183467.aspx,"Rio de Janeiro - RJ, 0 Km de você.",2024-12-14 06:24:00,2024-12-14 09:50:34,False,,2024-12-14 09:51:40.287219
/vaga-de-consultor-comercial-sdrcloser-em-rio-janeiro__10183374.aspx,"Rio de Janeiro - RJ, 0 Km de você.",2024-12-13 09:09:00,2024-12-14 09:50:34,False,,2024-12-14 09:51:40.287219
/vaga-de-terapeuta-ocupacional-em-__10183316.aspx,Todo Brasil,2024-12-13 07:23:00,2024-12-14 09:50:34,False,,2024-12-14 09:51:40.287219
/vaga-de-lancheiro-em-rio-janeiro__10183313.aspx,"Rio de Janeiro - RJ, 0 Km de você.",2024-12-13 07:19:00,2024-12-14 09:50:34,False,,2024-12-14 09:51:40.287219
/vaga-de-cozinheiro-3-em-rio-janeiro__10183311.aspx,"Rio de Janeiro - RJ, 0 Km de você.",2024-12-13 07:16:00,2024-12-14 09:50:34,False,,2024-12-14 09:51:40.287219
/vaga-de-executivo-vendas-1115-em-__10183265.aspx,Todo Brasil,2024-12-13 06:16:00,2024-12-14 09:50:34,False,,2024-12-14 09:51:40.287219
/vaga-de-atendente-lazer-em-rio-janeiro__10183258.aspx,"Rio de Janeiro - RJ, 0 Km de você.",2024-12-13 06:14:00,2024-12-14 09:50:35,False,,2024-12-14 09:51:40.287219
/vaga-de-assistente-financeiroadministrativo-em-__10183256.aspx,Todo Brasil,2024-12-13 06:13:00,2024-12-14 09:50:35,False,,2024-12-14 09:51:40.287219
/vaga-de-auxiliar-limpeza-em-rio-janeiro__9881881.aspx,"Rio de Janeiro - RJ, 0 Km de você.",2024-12-13 06:12:00,2024-12-14 09:50:35,False,,2024-12-14 09:51:40.287219
/vaga-de-estagiarioa-diversos-cursos-em-__10183223.aspx,Todo Brasil,2024-12-13 06:02:00,2024-12-14 09:50:35,False,,2024-12-14 09:51:40.287219
/vaga-de-recepcionista-em-rio-janeiro__10183202.aspx,"Rio de Janeiro - RJ, 0 Km de você.",2024-12-13 05:54:00,2024-12-14 09:50:35,False,,2024-12-14 09:51:40.287219
/vaga-de-analista-administrativo-em-__10183192.aspx,Todo Brasil,2024-12-13 05:50:00,2024-12-14 09:50:35,False,,2024-12-14 09:51:40.287219
/vaga-de-analista-financeiro-dp-em-rio-janeiro__10183190.aspx,"Rio de Janeiro - RJ, 0 Km de você.",2024-12-13 05:49:00,2024-12-14 09:50:35,False,,2024-12-14 09:51:40.287219
/vaga-de-telemarketing-ativo-fixo-comissoes-em-__10183167.aspx,Todo Brasil,2024-12-13 05:44:00,2024-12-14 09:50:35,False,,2024-12-14 09:51:40.287219
/vaga-de-estagiario-engenharia-civil-em-rio-janeiro__10183159.aspx,"Rio de Janeiro - RJ, 0 Km de você.",2024-12-13 05:38:00,2024-12-14 09:50:35,False,,2024-12-14 09:51:40.287219
/vaga-de-motorista-caminhao-em-__10183064.aspx,Todo Brasil,2024-12-13 05:09:00,2024-12-14 09:50:49,False,,2024-12-14 09:51:40.287219
/vaga-de-ajudante-estoque-rj-ipanema--em-rio-janeiro__10182985.aspx,"Rio de Janeiro - RJ, 0 Km de você.",2024-12-13 04:49:00,2024-12-14 09:50:49,False,,2024-12-14 09:51:40.287219
/vaga-de-vendedor-externo-em-rio-janeiro__10182973.aspx,"Rio de Janeiro - RJ, 0 Km de você.",2024-12-13 04:47:00,2024-12-14 09:50:49,False,,2024-12-14 09:51:40.287219
/vaga-de-vendedora-em-rio-janeiro__10182959.aspx,"Rio de Janeiro - RJ, 0 Km de você.",2024-12-13 04:45:00,2024-12-14 09:50:49,False,,2024-12-14 09:51:40.287219
/vaga-de-tecnico-seguranca-do-trabalho-rio-janeiro-em-rio-janeiro__10182937.aspx,"Rio de Janeiro - RJ, 0 Km de você.",2024-12-13 04:41:00,2024-12-14 09:50:49,False,,2024-12-14 09:51:40.287219
/vaga-de-corretor-planos-saude-em-rio-janeiro__10141462.aspx,"Rio de Janeiro - RJ, 0 Km de você.",2024-12-13 04:40:00,2024-12-14 09:50:49,False,,2024-12-14 09:51:40.287219
/vaga-de-home-office-vendedor-mx-em-__10182898.aspx,Todo Brasil,2024-12-13 04:34:00,2024-12-14 09:50:49,False,,2024-12-14 09:51:40.287219
/vaga-de-pedreiro-rio-janeiro-em-rio-janeiro__9764556.aspx,"Rio de Janeiro - RJ, 0 Km de você.",2024-12-13 04:23:00,2024-12-14 09:50:49,False,,2024-12-14 09:51:40.287219
"/vaga-de-bolsista-graduado-especialista-ciencia-da-comp,-em-__10182840.aspx",Todo Brasil,2024-12-13 04:22:00,2024-12-14 09:50:49,False,,2024-12-14 09:51:40.287219
/vaga-de-repositor-pcd-freguesia-campo-grande-rj-em-rio-janeiro__10182823.aspx,"Rio de Janeiro - RJ, 0 Km de você.",2024-12-13 04:20:00,2024-12-14 09:50:49,False,,2024-12-14 09:51:40.287219
/vaga-de-operador-cobranca-em-rio-janeiro__9269738.aspx,"Rio de Janeiro - RJ, 0 Km de você.",2024-12-13 04:15:00,2024-12-14 09:50:49,False,,2024-12-14 09:51:40.287219
"/vaga-de-copeira-o-botafogo,-rj-em-rio-janeiro__10182803.aspx","Rio de Janeiro - RJ, 0 Km de você.",2024-12-13 04:15:00,2024-12-14 09:50:49,False,,2024-12-14 09:51:40.287219
"/vaga-de-bolsista-graduado-especialista-ciencia-da-comp,-em-__10182794.aspx",Todo Brasil,2024-12-13 04:13:00,2024-12-14 09:50:49,False,,2024-12-14 09:51:40.287219
/vaga-de-telemarketing-banco-itau-home-office-seg-sex-em-__10182772.aspx,Todo Brasil,2024-12-13 04:07:00,2024-12-14 09:50:49,False,,2024-12-14 09:51:40.287219
"/vaga-de-bolsista-graduado-especialista-ciencia-da-comp,-em-__10182752.aspx",Todo Brasil,2024-12-13 04:04:00,2024-12-14 09:50:49,False,,2024-12-14 09:51:40.287219
/vaga-de-vendedor-imoveis-cs-experiencia-lojas-em-rio-janeiro__10182744.aspx,"Rio de Janeiro - RJ, 0 Km de você.",2024-12-13 04:02:00,2024-12-14 09:50:49,False,,2024-12-14 09:51:40.287219
/vaga-de-atendente-lanchonete-em-rio-janeiro__10182719.aspx,"Rio de Janeiro - RJ, 0 Km de você.",2024-12-13 03:58:00,2024-12-14 09:50:49,False,,2024-12-14 09:51:40.287219
/vaga-de-tecnico-seguranca-do-trabalho-em-rio-janeiro__10182538.aspx,"Rio de Janeiro - RJ, 0 Km de você.",2024-12-13 03:57:50,2024-12-14 09:50:49,False,,2024-12-14 09:51:40.287219
"/vaga-de-bolsista-graduado-especialista-ciencia-da-comp,-em-__10182700.aspx",Todo Brasil,2024-12-13 03:54:00,2024-12-14 09:50:50,False,,2024-12-14 09:51:40.287219
/vaga-de-garcom-garconete-em-rio-janeiro__9884239.aspx,"Rio de Janeiro - RJ, 0 Km de você.",2024-12-13 03:50:00,2024-12-14 09:50:50,False,,2024-12-14 09:51:40.287219
/vaga-de-estagiario-fiscal-em-rio-janeiro__9758620.aspx,"Rio de Janeiro - RJ, 0 Km de você.",2024-12-13 03:39:00,2024-12-14 09:51:04,False,,2024-12-14 09:51:40.287219
/vaga-de-analista-planejamento-financeiro-em-rio-janeiro__10029488.aspx,"Rio de Janeiro - RJ, 0 Km de você.",2024-12-13 03:38:00,2024-12-14 09:51:04,False,,2024-12-14 09:51:40.287219
/vaga-de-estagio-ti-em-rio-janeiro__10182602.aspx,"Rio de Janeiro - RJ, 0 Km de você.",2024-12-13 03:37:00,2024-12-14 09:51:04,False,,2024-12-14 09:51:40.287219
/vaga-de-vendedor-loja-em-rio-janeiro__10182539.aspx,"Rio de Janeiro - RJ, 0 Km de você.",2024-12-13 03:25:00,2024-12-14 09:51:04,False,,2024-12-14 09:51:40.287219
/vaga-de-agente-viagens-em-rio-janeiro__10182519.aspx,"Rio de Janeiro - RJ, 0 Km de você.",2024-12-13 03:24:54,2024-12-14 09:51:04,False,,2024-12-14 09:51:40.287219
/vaga-de-vendedor-scooter-eletrica-em-rio-janeiro__10182531.aspx,"Rio de Janeiro - RJ, 0 Km de você.",2024-12-13 03:23:00,2024-12-14 09:51:04,False,,2024-12-14 09:51:40.287219
/vaga-de-carga-descarga-auxiliar-servicos-gerais-em-rio-janeiro__10182442.aspx,"Rio de Janeiro - RJ, 0 Km de você.",2024-12-13 03:05:00,2024-12-14 09:51:05,False,,2024-12-14 09:51:40.287219
/vaga-de-tecnico-manutencao-maquinas-equipamentos-em-rio-janeiro__10182424.aspx,"Rio de Janeiro - RJ, 0 Km de você.",2024-12-13 03:01:00,2024-12-14 09:51:05,False,,2024-12-14 09:51:40.287219
/vaga-de-executivoa-contas-em-__10182353.aspx,Todo Brasil,2024-12-13 02:44:00,2024-12-14 09:51:05,False,,2024-12-14 09:51:40.287219
/vaga-de-supervisorcoordenador-limpeza-em-rio-janeiro__10182348.aspx,"Rio de Janeiro - RJ, 0 Km de você.",2024-12-13 02:43:00,2024-12-14 09:51:05,False,,2024-12-14 09:51:40.287219
/vaga-de-garcom-gavea-em-rio-janeiro__10182340.aspx,"Rio de Janeiro - RJ, 0 Km de você.",2024-12-13 02:42:00,2024-12-14 09:51:05,False,,2024-12-14 09:51:40.287219
/vaga-de-auxiliar-escritorio-em-rio-janeiro__10182230.aspx,"Rio de Janeiro - RJ, 0 Km de você.",2024-12-13 02:31:25,2024-12-14 09:51:05,False,,2024-12-14 09:51:40.287219
/vaga-de-analista-sr-em-rio-janeiro__10182279.aspx,"Rio de Janeiro - RJ, 0 Km de você.",2024-12-13 02:30:00,2024-12-14 09:51:05,False,,2024-12-14 09:51:40.287219
/vaga-de-professor-ingles-em-__9339356.aspx,Todo Brasil,2024-12-13 02:27:00,2024-12-14 09:51:05,False,,2024-12-14 09:51:40.287219
/vaga-de-representante-vendas-em-rio-janeiro__10182252.aspx,"Rio de Janeiro - RJ, 0 Km de você.",2024-12-13 02:23:00,2024-12-14 09:51:05,False,,2024-12-14 09:51:40.287219
/vaga-de-vendedora-extra-ano-em-rio-janeiro__10182207.aspx,"Rio de Janeiro - RJ, 0 Km de você.",2024-12-13 02:13:00,2024-12-14 09:51:05,False,,2024-12-14 09:51:40.287219
/vaga-de-ajudante-producao-em-rio-janeiro__10182191.aspx,"Rio de Janeiro - RJ, 0 Km de você.",2024-12-13 02:08:00,2024-12-14 09:51:05,False,,2024-12-14 09:51:40.287219
/vaga-de-gerente-pizzaria-delivery-barra-da-tijuca-em-rio-janeiro__10182119.aspx,"Rio de Janeiro - RJ, 0 Km de você.",2024-12-13 01:47:00,2024-12-14 09:51:05,False,,2024-12-14 09:51:40.287219
/vaga-de-motorista-em-rio-janeiro__10182102.aspx,"Rio de Janeiro - RJ, 0 Km de você.",2024-12-13 01:41:51,2024-12-14 09:51:05,False,,2024-12-14 09:51:40.287219
/vaga-de-corretor-imoveis-barra-jardim-oceanico-em-rio-janeiro__10182103.aspx,"Rio de Janeiro - RJ, 0 Km de você.",2024-12-13 01:39:00,2024-12-14 09:51:05,False,,2024-12-14 09:51:40.287219
/vaga-de-auxiliar-restaurante-brasilia-goianiainterior-sao-paulo-em-__9966902.aspx,Todo Brasil,2024-12-13 01:28:00,2024-12-14 09:51:21,False,,2024-12-14 09:51:40.287219
/vaga-de-auxiliar-boutique-nespresso-tijuca-em-rio-janeiro__10181997.aspx,"Rio de Janeiro - RJ, 0 Km de você.",2024-12-13 12:58:00,2024-12-14 09:51:21,False,,2024-12-14 09:51:40.287219
/vaga-de-auxiliar-fiscal-em-rio-janeiro__10181993.aspx,"Rio de Janeiro - RJ, 0 Km de você.",2024-12-13 12:54:00,2024-12-14 09:51:21,False,,2024-12-14 09:51:40.287219
/vaga-de-estoquista-temporario-em-rio-janeiro__10181990.aspx,"Rio de Janeiro - RJ, 0 Km de você.",2024-12-13 12:52:00,2024-12-14 09:51:21,False,,2024-12-14 09:51:40.287219
/vaga-de-lider-limpeza-em-rio-janeiro__10036368.aspx,"Rio de Janeiro - RJ, 0 Km de você.",2024-12-13 12:48:00,2024-12-14 09:51:21,False,,2024-12-14 09:51:40.287219
/vaga-de-recepcionista-academia-rdb-em-rio-janeiro__10181951.aspx,"Rio de Janeiro - RJ, 0 Km de você.",2024-12-13 12:39:00,2024-12-14 09:51:21,False,,2024-12-14 09:51:40.287219
/vaga-de-auxiliar-administrativo-experiencia-telemarketing-em-rio-janeiro__10181478.aspx,"Rio de Janeiro - RJ, 0 Km de você.",2024-12-13 12:16:42,2024-12-14 09:51:21,False,,2024-12-14 09:51:40.287219
/vaga-de-biomedico-esteta-em-__10181887.aspx,Todo Brasil,2024-12-13 12:13:00,2024-12-14 09:51:21,False,,2024-12-14 09:51:40.287219
/vaga-de-consultor-franquias-em-rio-janeiro__10181884.aspx,"Rio de Janeiro - RJ, 0 Km de você.",2024-12-13 12:12:00,2024-12-14 09:51:21,False,,2024-12-14 09:51:40.287219
/vaga-de-agente-telemarketing-ativo-em-__9945791.aspx,Todo Brasil,2024-12-13 12:01:00,2024-12-14 09:51:21,False,,2024-12-14 09:51:40.287219
/vaga-de-empacotador-temporario-maracana-em-rio-janeiro__10181802.aspx,"Rio de Janeiro - RJ, 0 Km de você.",2024-12-13 11:54:00,2024-12-14 09:51:21,False,,2024-12-14 09:51:40.287219
/vaga-de-consultor-vendas-imobiliarias-em-rio-janeiro__10181798.aspx,"Rio de Janeiro - RJ, 0 Km de você.",2024-12-13 11:53:00,2024-12-14 09:51:21,False,,2024-12-14 09:51:40.287219
/vaga-de-operador-telemarketing-ativo-em-rio-janeiro__10181793.aspx,"Rio de Janeiro - RJ, 0 Km de você.",2024-12-13 11:52:00,2024-12-14 09:51:21,False,,2024-12-14 09:51:40.287219
/vaga-de-estagio-ferias-relacionamento-o-cliente-aquario-em-rio-janeiro__10181745.aspx,"Rio de Janeiro - RJ, 0 Km de você.",2024-12-13 11:44:00,2024-12-14 09:51:22,False,,2024-12-14 09:51:40.287219
/vaga-de-hotelaria-steward-em-rio-janeiro__10181741.aspx,"Rio de Janeiro - RJ, 0 Km de você.",2024-12-13 11:43:00,2024-12-14 09:51:22,False,,2024-12-14 09:51:40.287219
/vaga-de-profissional-desenvolvimento-net-c-pleno-em-__10181730.aspx,Todo Brasil,2024-12-13 11:40:00,2024-12-14 09:51:22,False,,2024-12-14 09:51:40.287219
/vaga-de-desenvolvedor-full-stack-ios-android-em-rio-janeiro__10181699.aspx,"Rio de Janeiro - RJ, 0 Km de você.",2024-12-13 11:33:00,2024-12-14 09:51:22,False,,2024-12-14 09:51:40.287219
/vaga-de-atendente-vendedor-ag-em-__10181696.aspx,Todo Brasil,2024-12-13 11:32:00,2024-12-14 09:51:22,False,,2024-12-14 09:51:40.287219
/vaga-de-analista-atendimento-i-em-__10181650.aspx,Todo Brasil,2024-12-13 11:24:00,2024-12-14 09:51:22,False,,2024-12-14 09:51:40.287219
/vaga-de-agente-vendas-em-rio-janeiro__10181647.aspx,"Rio de Janeiro - RJ, 0 Km de você.",2024-12-13 11:23:00,2024-12-14 09:51:22,False,,2024-12-14 09:51:40.287219
/vaga-de-estagiario-vendas-em-rio-janeiro__10181577.aspx,"Rio de Janeiro - RJ, 0 Km de você.",2024-12-13 11:09:00,2024-12-14 09:51:38,False,,2024-12-14 09:51:40.287219
/vaga-de-consultor-vendas-em-rio-janeiro__10181549.aspx,"Rio de Janeiro - RJ, 0 Km de você.",2024-12-13 11:03:00,2024-12-14 09:51:38,False,,2024-12-14 09:51:40.287219
/vaga-de-auxiliar-servicos-gerais-em-rio-janeiro__10181479.aspx,"Rio de Janeiro - RJ, 0 Km de você.",2024-12-13 10:50:00,2024-12-14 09:51:39,False,,2024-12-14 09:51:40.287219
/vaga-de-atendente-em-rio-janeiro__10143049.aspx,"Rio de Janeiro - RJ, 0 Km de você.",2024-12-13 10:33:00,2024-12-14 09:51:39,False,,2024-12-14 09:51:40.287219
/vaga-de-gerente-producto-ti-em-rio-janeiro__10181339.aspx,"Rio de Janeiro - RJ, 0 Km de você.",2024-12-13 10:25:00,2024-12-14 09:51:39,False,,2024-12-14 09:51:40.287219
/vaga-de-secretaria-telemarketing-em-rio-janeiro__10181121.aspx,"Rio de Janeiro - RJ, 0 Km de você.",2024-12-13 09:44:00,2024-12-14 09:51:39,False,,2024-12-14 09:51:40.287219
/vaga-de-recepcionista-em-rio-janeiro__10180995.aspx,"Rio de Janeiro - RJ, 0 Km de você.",2024-12-13 09:25:00,2024-12-14 09:51:39,False,,2024-12-14 09:51:40.287219
/vaga-de-auxiliar-locacao-em-rio-janeiro__10180934.aspx,"Rio de Janeiro - RJ, 0 Km de você.",2024-12-13 09:13:00,2024-12-14 09:51:39,False,,2024-12-14 09:51:40.287219
/vaga-de-coletas-aparelhos-em-rio-janeiro__10180900.aspx,"Rio de Janeiro - RJ, 0 Km de você.",2024-12-13 09:08:00,2024-12-14 09:51:39,False,,2024-12-14 09:51:40.287219
/vaga-de-coletas-aparelhos-em-__10180885.aspx,Todo Brasil,2024-12-13 09:05:00,2024-12-14 09:51:39,False,,2024-12-14 09:51:40.287219
/vaga-de-limpador-vidrosrio-janeiro-em-rio-janeiro__10180800.aspx,"Rio de Janeiro - RJ, 0 Km de você.",2024-12-13 08:51:00,2024-12-14 09:51:39,False,,2024-12-14 09:51:40.287219
/vaga-de-enfermeiro-centro-cirurgico-meier-rj-em-rio-janeiro__10180768.aspx,"Rio de Janeiro - RJ, 0 Km de você.",2024-12-13 08:40:00,2024-12-14 09:51:39,False,,2024-12-14 09:51:40.287219
/vaga-de-operador-logistico-ii-em-__10180683.aspx,Todo Brasil,2024-12-13 08:04:00,2024-12-14 09:51:39,False,,2024-12-14 09:51:40.287219
/vaga-de-consultor-vendas-5x2-em-__10180624.aspx,Todo Brasil,2024-12-13 03:01:00,2024-12-14 09:51:39,False,,2024-12-14 09:51:40.287219
/vaga-de-vigia-mg-em-__10157813.aspx,Todo Brasil,2024-12-13 02:58:00,2024-12-14 09:51:39,False,,2024-12-14 09:51:40.287219
/vaga-de-vigia-do-rs-em-__10157930.aspx,Todo Brasil,2024-12-13 02:58:00,2024-12-14 09:51:39,False,,2024-12-14 09:51:40.287219
/vaga-de-vigia-sp-em-__10157628.aspx,Todo Brasil,2024-12-13 02:58:00,2024-12-14 09:51:39,False,,2024-12-14 09:51:40.287219
/vaga-de-vigia-do-pr-em-__10158037.aspx,Todo Brasil,2024-12-13 02:58:00,2024-12-14 09:51:39,False,,2024-12-14 09:51:40.287219
/vaga-de-gerente-geral-restaurante-grupo-madero-em-__10162736.aspx,Todo Brasil,2024-12-13 02:57:00,2024-12-14 09:51:39,False,,2024-12-14 09:51:40.287219
/vaga-de-trabalhe-casa-atendente-comercial-contratacao-treinamento-gs-em-__10180607.aspx,Todo Brasil,2024-12-13 02:52:00,2024-12-14 09:51:39,False,,2024-12-14 09:51:40.287219
